{"model_config":[{"id":0,"filepath":"prefabs/Cube","suffix":"prefab","position":[1123.438232421875,321.03485107421877,-7.9553632736206059],"rotation":[0.0,0.0,0.0,1.0],"scale":[1.0,1.0,1.0],"rightHand":false}]}